date,ret
2019-01-01,0.0026919307398756294
2019-01-02,0.01743870161058984
2019-01-03,-0.010867779627157372
2019-01-04,0.006212431854915105
2019-01-07,-0.034969827079354504
2019-01-08,0.0025335795058986387
2019-01-09,-0.005769428655858036
2019-01-10,0.0030352871347472275
2019-01-11,-0.0002937439835658366
2019-01-14,0.0220309241453533
2019-01-15,0.009360978577863369
2019-01-16,0.009429155676140949
2019-01-17,0.006379156903733931
2019-01-18,-0.004459465644727367
2019-01-21,-0.002299182636588458
2019-01-22,-0.005057475979476212
2019-01-23,0.0009340494351170274
2019-01-24,0.00873719454146186
2019-01-25,0.028825941074831107
2019-01-28,0.0012000126511595946
2019-01-29,-0.006217262656001542
2019-01-30,-0.004902112181431184
2019-01-31,-0.00046116310541024
2019-02-01,-0.0049932360528942964
2019-02-04,0.006630313979608643
2019-02-05,0.002650572571890933
2019-02-06,-0.0024121173725476183
2019-02-07,-0.005052969501766468
2019-02-08,0.007182423215938913
2019-02-11,0.009601021944606788
2019-02-12,-0.010527685427289494
2019-02-13,-0.006344605741502382
2019-02-14,-0.014345373448437608
2019-02-15,0.025821980153407635
2019-02-18,0.0017348415660427973
2019-02-19,-0.05487210724395576
2019-02-20,0.0006430774251782801
2019-02-21,-0.005170300360363499
2019-02-22,-0.0018441614860565084
2019-02-25,-0.013534846465885137
2019-02-26,-0.0014944388901228785
2019-02-27,0.002745633150517614
2019-02-28,0.005117126922979766
2019-03-01,-0.018943124058201692
2019-03-04,-0.01037421594632065
2019-03-05,-0.013603614853717284
2019-03-06,0.015839872300129825
2019-03-07,0.010220030260001376
2019-03-08,0.0029566919200948514
2019-03-11,-0.02143580504077633
2019-03-12,0.004450064481446205
2019-03-13,-0.0003342874856650165
2019-03-14,0.02652818807421547
2019-03-15,0.009523537911196657
2019-03-18,-0.0001634069676429746
2019-03-19,0.007622631442639152
2019-03-20,-0.002552410384666586
2019-03-21,-0.004386557281421956
2019-03-22,0.003003904332829284
2019-03-25,-0.016911032265670565
2019-03-26,-0.0006682171180673883
2019-03-27,-0.000736926245489818
2019-03-28,0.01162416658563508
2019-03-29,-0.011406852422170752
2019-04-01,0.01740741173372807
2019-04-02,0.003954227922704682
2019-04-03,-0.004528741091961051
2019-04-04,-0.029368303485303515
2019-04-05,0.004622983874018148
2019-04-08,0.002515308657177578
2019-04-09,-0.019999671186866536
2019-04-10,-0.008464791021200829
2019-04-11,-0.005452931463949915
2019-04-12,0.00020522570080274978
2019-04-15,-0.00013113328820405477
2019-04-16,-0.01038572073557551
2019-04-17,0.005066820577830681
2019-04-18,0.019609675176379047
2019-04-19,0.02424848473905865
2019-04-22,-0.00547669279779778
2019-04-23,0.0024806538501295564
2019-04-24,0.007316054635959498
2019-04-25,-0.0023847276341823582
2019-04-26,0.0035645315461123126
2019-04-29,0.007665212568503431
2019-04-30,-0.00810116121848188
2019-05-01,0.013873107945669929
2019-05-02,0.0032104137460643558
2019-05-03,-0.00988028572639079
2019-05-06,0.006719117212835704
2019-05-07,-0.004277525383498555
2019-05-08,-0.00834067525130146
2019-05-09,-1.5877180994476863e-06
2019-05-10,-0.018175404175341643
2019-05-13,0.031485765388557845
2019-05-14,0.01227726417563284
2019-05-15,0.024132480456667774
2019-05-16,-0.005251580253183398
2019-05-17,-8.279088751670651e-05
2019-05-20,-0.0004217338319146912
2019-05-21,0.0030072071811846693
2019-05-22,0.0001566377622352152
2019-05-23,0.0007962518963027408
2019-05-24,0.0037140597352543045
2019-05-27,-0.0006928217390387131
2019-05-28,0.018558929852684175
2019-05-29,-0.01143036844068145
2019-05-30,-0.0041761972947135595
2019-05-31,0.008043888496540386
2019-06-03,0.010023825398091688
2019-06-04,0.006164859331331248
2019-06-05,0.007123377270511864
2019-06-06,0.009528073212915194
2019-06-07,0.004277851959483553
2019-06-10,-0.0034511151536911807
2019-06-11,0.026537298599998985
2019-06-12,-0.0021488992965531238
2019-06-13,0.006119804850740982
2019-06-14,0.005691499845665024
2019-06-17,0.0058289858144714496
2019-06-18,0.003497106392834288
2019-06-19,0.01214987216167219
2019-06-20,0.012372854029952904
2019-06-21,-0.04176020145492487
2019-06-24,5.511359948308912e-05
2019-06-25,-0.0019368965187483915
2019-06-26,0.007207012788696025
2019-06-27,0.010676829938238179
2019-06-28,0.005558325334543692
2019-07-01,0.008213120313351198
2019-07-02,0.01605504922312889
2019-07-03,-0.0028218788754883284
2019-07-04,-0.009518067222019378
2019-07-05,-0.002664599218590398
2019-07-08,0.00016389325925461677
2019-07-09,-0.0012834850001163024
2019-07-10,-0.016341775027653223
2019-07-11,0.008432257837952876
2019-07-12,0.012007936391969773
2019-07-15,0.00893615887467227
2019-07-16,-0.0041039166406531226
2019-07-17,0.0033036558722190365
2019-07-18,-0.017762904218292127
2019-07-19,-0.02534392654000558
2019-07-22,0.0055284171940904415
2019-07-23,-0.0016193614672727137
2019-07-24,-0.013209565241821535
2019-07-25,-0.0032473903337231743
2019-07-26,0.009529544041844102
2019-07-29,0.008567438889140522
2019-07-30,-0.00890895627317412
2019-07-31,0.0076748931454154404
2019-08-01,0.0011819496845146599
2019-08-02,0.003855157785430393
2019-08-05,-0.011479112479225628
2019-08-06,-0.00508090296065237
2019-08-07,0.012148786909612968
2019-08-08,-0.054298946527997695
2019-08-09,-0.002460824868454764
2019-08-12,0.0016160617808623256
2019-08-13,-0.0003786261216660641
2019-08-14,-0.005242176922316066
2019-08-15,-0.0019108383681223978
2019-08-16,0.005464485577724778
2019-08-19,0.003349392214262231
2019-08-20,0.0020270125466689284
2019-08-21,-0.005887530631261848
2019-08-22,-0.0008301538957379153
2019-08-23,0.010436730421188485
2019-08-26,-0.017234088462337406
2019-08-27,-0.0034234460913747447
2019-08-28,-0.000567852529491235
2019-08-29,0.018581938470996928
2019-08-30,-0.01727938304770852
2019-09-02,0.005926701221782878
2019-09-03,-0.0083910384320901
2019-09-04,0.003044883969773402
2019-09-05,0.012168463050315999
2019-09-06,0.001848260290934022
2019-09-09,0.0005102333206028666
2019-09-10,-0.014914887204032303
2019-09-11,-0.004449741753289114
2019-09-12,0.0007796233305454413
2019-09-13,0.005789858816353077
2019-09-16,0.0044508576377973
2019-09-17,0.004787681301673633
2019-09-18,0.012694114548099017
2019-09-19,-0.014291614392603876
2019-09-20,0.012904780528286497
2019-09-23,0.007668171645078332
2019-09-24,-0.026883477165278766
2019-09-25,0.0057515078724171805
2019-09-26,-0.01954903552348249
2019-09-27,0.013713729690418364
2019-09-30,0.02028637133991215
2019-10-01,-0.00104311834463762
2019-10-02,0.0009850206292732913
2019-10-03,0.024550618658323878
2019-10-04,-0.006288149023430236
2019-10-07,0.005009776206866151
2019-10-08,-0.01263839935741436
2019-10-09,0.02147828125933831
2019-10-10,0.00538800049326162
2019-10-11,-0.0033205864130961982
2019-10-14,-0.0004098090491398917
2019-10-15,-0.001015078620672224
2019-10-16,-0.006727856432635683
2019-10-17,-0.008021835053996446
2019-10-18,0.006280400737783867
2019-10-21,-0.005700106007403484
2019-10-22,0.018833977530270125
2019-10-23,0.06333806196330617
2019-10-24,0.00042810754714217347
2019-10-25,0.005904050819667087
2019-10-28,0.007794381563551874
2019-10-29,-0.01296170368206409
2019-10-30,-0.0010779572607903113
2019-10-31,-0.01329676770818708
2019-11-01,0.007078661688078019
2019-11-04,-0.004376236891212239
2019-11-05,0.00439004445229792
2019-11-06,-5.8281033393500835e-05
2019-11-07,0.009584589172302642
2019-11-08,-0.009892699774357135
2019-11-11,0.007529116051879964
2019-11-12,0.011383369148126729
2019-11-13,-0.014557278472812511
2019-11-14,-0.012941003811009918
2019-11-15,-0.0018499091280613847
2019-11-18,0.012294027972227098
2019-11-19,-0.004934240405001885
2019-11-20,-0.021989414132482222
2019-11-21,0.024728048041446165
2019-11-22,0.0033299212167988523
2019-11-25,0.00011635875829301372
2019-11-26,0.004249532513182131
2019-11-27,0.0032044960219594883
2019-11-28,-0.0036541463595584807
2019-11-29,0.010237308813489825
2019-12-02,0.0367800288535553
2019-12-03,0.007188873643172347
2019-12-04,0.012064633061430793
2019-12-05,0.006308905742431289
2019-12-06,-0.002559842672273092
2019-12-09,-0.007482887693117696
2019-12-10,-0.0034453661191051746
2019-12-11,-0.0010534002438869422
2019-12-12,0.0025832482027249672
2019-12-13,0.008910577067043414
2019-12-16,-0.010987627770258268
2019-12-17,-8.381798201093993e-05
2019-12-18,0.008691983426871995
2019-12-19,0.007392687063688985
2019-12-20,0.010705386970297848
2019-12-23,-0.0017396721872438743
2019-12-24,0.0028268225410618395
2019-12-25,0.008967065862113304
2019-12-26,0.00036069656537314276
2019-12-27,0.013819774776418962
2019-12-30,0.01051669905865387
2019-12-31,0.016839498250157608
2020-01-01,-0.008780343797359584
2020-01-02,-0.0020439402106668344
2020-01-03,0.01437528783505295
2020-01-06,0.016390440096958725
2020-01-07,-0.003996952994156496
2020-01-08,-0.01674158234862491
2020-01-09,0.001949723810270595
2020-01-10,0.006120899564025975
2020-01-13,-0.00043882086143197244
2020-01-14,-0.011068371763869149
2020-01-15,-0.015797909534941746
2020-01-16,-0.0057279417745631925
2020-01-17,0.012391351442719844
2020-01-20,0.017736062484916878
2020-01-21,-0.00948348673670449
2020-01-22,-0.0009117637741438038
2020-01-23,0.02363972360619783
2020-01-24,0.02097596478687395
2020-01-27,0.0031771675234757465
2020-01-28,0.0007148922837061413
2020-01-29,-0.011625471488304713
2020-01-30,0.010741866020690397
2020-01-31,-0.007362153530583709
2020-02-03,-0.0007107053315159037
2020-02-04,0.009788998596841576
2020-02-05,-0.013967919690029773
2020-02-06,0.0006700842908233931
2020-02-07,0.002838824966274396
2020-02-10,-0.00547184702728138
2020-02-11,0.014948449955155705
2020-02-12,0.015576393919216162
2020-02-13,-0.0023126841109981683
2020-02-14,0.010832938258936763
2020-02-17,0.00476214784875707
2020-02-18,0.01505309627968968
2020-02-19,-0.003517668216248997
2020-02-20,0.008686699635424804
2020-02-21,0.010611880041422527
2020-02-24,-0.010544546542201567
2020-02-25,-0.0063283033086080605
2020-02-26,-0.005879919178284877
2020-02-27,-0.006823874362223759
2020-02-28,0.02535131348829602
2020-03-02,0.002160458777529919
2020-03-03,0.0019088012049772976
2020-03-04,-0.007696909263051178
2020-03-05,-0.004269295062595035
2020-03-06,9.798477293802296e-05
2020-03-09,-0.01718399358142648
2020-03-10,-0.0055961357224603775
2020-03-11,0.009081106210221774
2020-03-12,-0.016572924984102087
2020-03-13,0.007004841370358652
2020-03-16,-0.0027984929674365958
2020-03-17,0.003807169187286878
2020-03-18,0.010983577148700269
2020-03-19,0.00011445434980557415
2020-03-20,0.012300073149695872
2020-03-23,0.015680824168458212
2020-03-24,-0.005908866100146123
2020-03-25,0.007220616249979058
2020-03-26,2.287628754417577e-05
2020-03-27,0.013211770197944762
2020-03-30,0.006670548449405651
2020-03-31,-0.04506157499512878
2020-04-01,-0.022072114170202762
2020-04-02,-0.011196466911829258
2020-04-03,0.005464487810565517
2020-04-06,0.00480592992474463
2020-04-07,-0.014145709982378733
2020-04-08,0.006292836333687827
2020-04-09,-0.00796286815831754
2020-04-10,0.007909978076784844
2020-04-13,-0.0047905457593751324
2020-04-14,-0.013671229476015678
2020-04-15,-0.012381937091396013
2020-04-16,0.006811206995847368
2020-04-17,-0.0025930963232470424
2020-04-20,0.0017279302864498373
2020-04-21,-0.0038107740649265358
2020-04-22,0.02555782270419548
2020-04-23,0.017951156976472055
2020-04-24,-0.014159365927588985
2020-04-27,-0.01593497111138269
2020-04-28,0.006096838532426337
2020-04-29,0.003467780556106501
2020-04-30,-0.0004838041252169719
2020-05-01,-0.007805381393411342
2020-05-04,0.014225790092283067
2020-05-05,0.002617035403502313
2020-05-06,0.004144808845865662
2020-05-07,-0.009183618411030159
2020-05-08,-0.0010335356502402327
2020-05-11,-0.008736275241323513
2020-05-12,-0.014012079269427682
2020-05-13,-0.00012474634751682913
2020-05-14,0.0023521732860261957
2020-05-15,-0.00790290191758598
2020-05-18,-0.008536639534018134
2020-05-19,-0.008554219062944384
2020-05-20,-0.014690777419839589
2020-05-21,0.002604548823757849
2020-05-22,-0.005248184679783007
2020-05-25,-0.009591049071968604
2020-05-26,-0.014915025096887247
2020-05-27,0.0068111764780120826
2020-05-28,-0.0006346849466552907
2020-05-29,0.006990551908710792
2020-06-01,0.013602990123584284
2020-06-02,-0.009153608432128663
2020-06-03,-0.0147045959912605
2020-06-04,0.007694520407016115
2020-06-05,-0.006202373927779421
2020-06-08,0.0019235008309400024
2020-06-09,-0.01063056594056635
2020-06-10,0.008864847428888718
2020-06-11,0.024915470970285316
2020-06-12,-0.014544291721399481
2020-06-15,-0.003628702019790957
2020-06-16,-0.006607048519779253
2020-06-17,-0.011270039617545986
2020-06-18,0.013840382855613956
2020-06-19,0.005604041782118847
2020-06-22,-0.007450786711602828
2020-06-23,-0.025415395472759984
2020-06-24,-0.0014019376936126255
2020-06-25,-0.0014397213850567843
2020-06-26,-0.011378886667104352
2020-06-29,0.008312479018293342
2020-06-30,0.004916946637392869
2020-07-01,0.00952450156050937
2020-07-02,0.0019936567134852434
2020-07-03,-0.005920890207329404
2020-07-06,-0.010622156420524028
2020-07-07,0.018356608951585807
2020-07-08,0.003771849168468458
2020-07-09,0.009270954057506914
2020-07-10,-0.013887843482003118
2020-07-13,-0.007257621395151294
2020-07-14,-0.009353020446502646
2020-07-15,0.0022251764348035193
2020-07-16,0.011729920889482867
2020-07-17,-0.000668003574817651
2020-07-20,0.006714683541203213
2020-07-21,0.017194182488815223
2020-07-22,0.003353517247327976
2020-07-23,-0.01651579067962625
2020-07-24,0.003848820944537657
2020-07-27,-0.011313639132723968
2020-07-28,-0.010508254350569006
2020-07-29,0.0012980951471837894
2020-07-30,0.005228413428427005
2020-07-31,-0.074826110279956
2020-08-03,-0.002684118061219305
2020-08-04,0.0031998113244946615
2020-08-05,-0.0065745696656582696
2020-08-06,-0.014687572582625742
2020-08-07,-0.0221943171049558
2020-08-10,0.005436879308921875
2020-08-11,0.008492277996729868
2020-08-12,0.007336491070132669
2020-08-13,0.010239756296750507
2020-08-14,0.007951740111956842
2020-08-17,-0.005987894207160412
2020-08-18,0.002111889502933089
2020-08-19,0.0033109631312185565
2020-08-20,0.004698567903666647
2020-08-21,-0.003137367576517862
2020-08-24,0.001533685476420505
2020-08-25,-0.008416917051640606
2020-08-26,-0.0036210759152333818
2020-08-27,-0.0013485138884885232
2020-08-28,0.0008726570805310905
2020-08-31,0.002438109576988855
2020-09-01,0.011805740031863573
2020-09-02,0.006179175392050706
2020-09-03,0.005310207062507816
2020-09-04,0.00519943915663644
2020-09-07,0.0011920270576641365
2020-09-08,-0.01582464857872554
2020-09-09,0.0027084197778576512
2020-09-10,-0.004069257035715398
2020-09-11,-0.0023289808234468862
2020-09-14,0.012541841151782654
2020-09-15,0.007291073526378872
2020-09-16,-0.021453337794959563
2020-09-17,0.008612421953150535
2020-09-18,0.0020282756281055983
2020-09-21,-0.004409090217737381
2020-09-22,0.00668107152400642
2020-09-23,0.023064545876011578
2020-09-24,0.00947614989730405
2020-09-25,0.017593169123861056
2020-09-28,0.004240688884195153
2020-09-29,-0.015201816109464094
2020-09-30,-0.013020919762749971
2020-10-01,0.005732251021857034
2020-10-02,0.00328918334117832
2020-10-05,-0.0059165834134405565
2020-10-06,-0.0045158781801754614
2020-10-07,0.0011066949890333995
2020-10-08,0.004332601061876159
2020-10-09,0.00025635621868392964
2020-10-12,-0.006722040373802525
2020-10-13,0.0022441803235219854
2020-10-14,-0.011748738796062743
2020-10-15,-0.0016761561964582492
2020-10-16,-0.0021096488424313577
2020-10-19,-0.010942209355195522
2020-10-20,0.003415721896388102
2020-10-21,-0.0002462172460304039
2020-10-22,0.0051503520166523145
2020-10-23,-0.011310190342733513
2020-10-26,-0.0007775153403649808
2020-10-27,0.009083833055236343
2020-10-28,0.004578261852526989
2020-10-29,0.004456023128988295
2020-10-30,0.002121867689320329
2020-11-02,-0.0024330631032814043
2020-11-03,-0.010183246963461295
2020-11-04,-0.011402985554244459
2020-11-05,0.004487369043001815
2020-11-06,-0.0030078836876002756
2020-11-09,-0.010789859934098256
2020-11-10,0.01229444275177654
2020-11-11,0.01814647609539287
2020-11-12,0.00898675854732728
2020-11-13,0.01062862429364098
2020-11-16,0.004369988017724359
2020-11-17,0.019355751201305695
2020-11-18,0.011995201584661611
2020-11-19,0.02363245848595324
2020-11-20,-0.005828007312449609
2020-11-23,0.0157536008163707
2020-11-24,0.0022676405003299338
2020-11-25,-0.0051036181296805795
2020-11-26,0.0035978137968412
2020-11-27,-0.004240964121503133
2020-11-30,0.013392821173902234
2020-12-01,-0.0011231777290538329
2020-12-02,-0.010433812791634751
2020-12-03,-0.016102744147736114
2020-12-04,0.008770950577059124
2020-12-07,-0.03103200848527504
2020-12-08,-0.0030608361933787435
2020-12-09,-0.016184524692016478
2020-12-10,-0.006448566067091461
2020-12-11,-0.0008013069268760091
2020-12-14,0.004489296586833452
2020-12-15,-0.0020746225473820276
2020-12-16,0.0062083102689451455
2020-12-17,0.013855487825688897
2020-12-18,-0.0026516148342378776
2020-12-21,-0.008077758494819127
2020-12-22,-0.008697974168118641
2020-12-23,-0.004787176161328841
2020-12-24,0.009558143857505197
2020-12-25,0.017758429522956223
2020-12-28,0.008103744535117838
2020-12-29,0.004119210560669051
2020-12-30,-0.0017530042946472461
2020-12-31,0.007770981324559356
2021-01-01,0.0010834637640126596
2021-01-04,-0.0014632996121936234
2021-01-05,-0.02012604509069055
2021-01-06,-0.016081967571460007
2021-01-07,-0.0038533950280760136
2021-01-08,0.007466003603519496
2021-01-11,0.0017621429399837193
2021-01-12,-0.002431271315642751
2021-01-13,0.00294352937072014
2021-01-14,-0.003436649032904507
2021-01-15,0.010961180005267414
2021-01-18,0.004832743590531709
2021-01-19,0.003288547544377196
2021-01-20,0.0013994574363745433
2021-01-21,0.0019336796609400711
2021-01-22,0.011711961027629598
2021-01-25,0.009668941058103312
2021-01-26,0.0036791856736155836
2021-01-27,-0.0055270119447637465
2021-01-28,-0.0068281232427353684
2021-01-29,0.025775242572347108
2021-02-01,0.0011688074611333173
2021-02-02,-0.011810353241165583
2021-02-03,-0.005768264919579017
2021-02-04,0.002966297761572663
2021-02-05,0.0030837925328137065
2021-02-08,-0.009065606354323344
2021-02-09,0.03946362776279734
2021-02-10,-0.005673948175479609
2021-02-11,-0.008297125669086268
2021-02-12,0.005551554320676641
2021-02-15,0.013203166025008393
2021-02-16,0.007604305565999347
2021-02-17,0.01576153906097837
2021-02-18,-0.007015120018789931
2021-02-19,-0.008919603693701919
2021-02-22,0.008049818735408932
2021-02-23,0.012305366052698148
2021-02-24,-0.008558639612383628
2021-02-25,-0.0008925561830677875
2021-02-26,-0.00920378593154359
2021-03-01,0.015205077414561173
2021-03-02,0.040004545626210586
2021-03-03,-0.003803891136153978
2021-03-04,-0.0013141520823412123
2021-03-05,-0.0012877094930030843
2021-03-08,0.00590924798719995
2021-03-09,0.009448179857064287
2021-03-10,-0.004809408262185318
2021-03-11,0.0041971213976878955
2021-03-12,-0.021994466319499577
2021-03-15,0.005919791450459649
2021-03-16,0.011659770653460742
2021-03-17,-0.005033707983256485
2021-03-18,0.00034896144743455236
2021-03-19,0.004271472362400266
2021-03-22,-0.010560750353501963
2021-03-23,0.004499654703526551
2021-03-24,0.004304795505071173
2021-03-25,0.008278263435196883
2021-03-26,0.009337327754550139
2021-03-29,-0.008662653563733212
2021-03-30,-0.0027269137105014473
2021-03-31,-0.0035179555228563074
2021-04-01,0.02478474580552055
2021-04-02,0.0045815741271929625
2021-04-05,0.014515922140532881
2021-04-06,0.02560959843869851
2021-04-07,0.034423541129217264
2021-04-08,0.008417933107372063
2021-04-09,-0.004997245312433447
2021-04-12,0.0034216711644085643
2021-04-13,-0.002267915203670169
2021-04-14,0.008118152501808676
2021-04-15,0.000239301147486484
2021-04-16,-0.0005541295003304033
2021-04-19,0.01720717483826604
2021-04-20,0.017418355000416306
2021-04-21,-0.0030849742911130073
2021-04-22,0.008118782824700356
2021-04-23,0.012492418652233007
2021-04-26,-0.0059850300261399085
2021-04-27,-0.0024438624810388557
2021-04-28,0.005543882171408745
2021-04-29,0.013238528689013365
2021-04-30,0.021832472400210762
2021-05-03,-0.01062210591289265
2021-05-04,0.0047688006166326765
2021-05-05,0.0078122060429326465
2021-05-06,-0.0056092734802967335
2021-05-07,-0.014414794839737892
2021-05-10,-0.0011211021646442714
2021-05-11,-0.03702592503562668
2021-05-12,0.00040158065286892127
2021-05-13,0.019524175675458784
2021-05-14,0.030004576160581824
2021-05-17,0.01536585243219688
2021-05-18,-0.0104412333384176
2021-05-19,-0.004581155992918413
2021-05-20,-0.010235604587330643
2021-05-21,-0.022089892680822502
2021-05-24,0.01003057343536817
2021-05-25,-0.0025544923458349607
2021-05-26,0.00425312881458895
2021-05-27,0.0014700952242963194
2021-05-28,-0.0026429773278550135
2021-05-31,0.003224886429836271
2021-06-01,0.029502301393011424
2021-06-02,-0.0034436209726737173
2021-06-03,-0.01953296796727174
2021-06-04,0.005334491990988508
2021-06-07,0.010557715327303875
2021-06-08,-0.00912157624634849
2021-06-09,0.003483758006106301
2021-06-10,0.003939369738798256
2021-06-11,0.0025024023285005158
2021-06-14,0.02975157146903708
2021-06-15,-0.019559616648185743
2021-06-16,-0.005186880921684462
2021-06-17,-0.012159189740043945
2021-06-18,-0.0058403911007633025
2021-06-21,-0.0021271805311826393
2021-06-22,0.007932269859232288
2021-06-23,0.021266693632837376
2021-06-24,0.0028327958588793565
2021-06-25,0.0017848978333086614
2021-06-28,-0.0098963618911181
2021-06-29,0.007940199690312465
2021-06-30,0.011300960562894109
2021-07-01,0.014891483236340925
2021-07-02,-0.008018099857361809
2021-07-05,0.029973768555683684
2021-07-06,0.008473943859259177
2021-07-07,-0.009108656110209716
2021-07-08,-0.0036724173311415116
2021-07-09,-0.024048437122774085
2021-07-12,-0.00853142152034588
2021-07-13,0.002371819265506502
2021-07-14,-0.0018661225020474188
2021-07-15,-0.02748560120778291
2021-07-16,0.022218119771205226
2021-07-19,-0.0004992843297572045
2021-07-20,0.0021771315385341002
2021-07-21,0.0009264883513047475
2021-07-22,0.01663907484473564
2021-07-23,0.016698123326655656
2021-07-26,-0.013960599403940139
2021-07-27,-0.0019217736971593245
2021-07-28,0.002321666006782513
2021-07-29,-0.0017416821158489776
2021-07-30,0.0315576400906574
2021-08-02,0.02865599250480724
2021-08-03,0.021278847032429497
2021-08-04,0.006582498051183973
2021-08-05,0.033422259228112164
2021-08-06,-0.013065717229434308
2021-08-09,-0.010565654112105322
2021-08-10,-0.0017262471471902845
2021-08-11,0.013412987518628008
2021-08-12,0.01255116978258136
2021-08-13,-0.008822070110929125
2021-08-16,0.006940515213533572
2021-08-17,0.0011392864609539846
2021-08-18,-0.010948012937083647
2021-08-19,-0.0038731754032601652
2021-08-20,0.019573647815855504
2021-08-23,-0.004680201819385935
2021-08-24,-0.0030074348774619167
2021-08-25,0.011663095367339314
2021-08-26,-0.007417811328512715
2021-08-27,0.0025345186328784913
2021-08-30,-0.0025604216816581473
2021-08-31,-0.013932351247680493
2021-09-01,-0.0029555359360587947
2021-09-02,-0.00901249142592436
2021-09-03,0.0016537016405228696
2021-09-06,0.0039474407499787804
2021-09-07,0.007948737193000276
2021-09-08,0.0013922074469659021
2021-09-09,0.00581106390825608
2021-09-10,-0.0076946527625606845
2021-09-13,-0.008275294661285877
2021-09-14,-0.007467742072471518
2021-09-15,0.0117115121214751
2021-09-16,-0.012339536466790674
2021-09-17,0.00937236050433485
2021-09-20,0.008302291227251096
2021-09-21,0.009991186296036222
2021-09-22,0.0025266473447001477
2021-09-23,-0.0031449059428489425
2021-09-24,0.00925973252157862
2021-09-27,0.01045218165194253
2021-09-28,0.013828126139746865
2021-09-29,0.005709841735322298
2021-09-30,0.001113100721835165
2021-10-01,0.000981946483491335
2021-10-04,-0.00036968294392051746
2021-10-05,0.004613470480696354
2021-10-06,0.02338778041554905
2021-10-07,0.01021314458014543
2021-10-08,-0.00322346213199084
2021-10-11,0.009711006330650704
2021-10-12,0.011221842108450371
2021-10-13,-0.009569563273657645
2021-10-14,0.005373411197817908
2021-10-15,0.01085109071454511
2021-10-18,0.011274199272491833
2021-10-19,0.01234277508972945
2021-10-20,0.018505440675296116
2021-10-21,-0.009990429745563018
2021-10-22,-0.0022274889957293376
2021-10-25,-0.009146186267753414
2021-10-26,-0.0004292297011971774
2021-10-27,0.008807673475496259
2021-10-28,0.005744183640962612
2021-10-29,0.005623299937580911
2021-11-01,-0.0025107654071727563
2021-11-02,0.008309672751910746
2021-11-03,0.006901991819569099
2021-11-04,0.005602127782864171
2021-11-05,0.00805594366526497
2021-11-08,0.009091186737599462
2021-11-09,0.01195913760371664
2021-11-10,-0.0004609571649504422
2021-11-11,-0.0014883020961291632
2021-11-12,0.0040768589035837
2021-11-15,-0.002146055594498437
2021-11-16,-0.009266938267656136
2021-11-17,0.002434218391963343
2021-11-18,-0.006506193743052942
2021-11-19,-0.009937652056741542
2021-11-22,-0.010594049693901533
2021-11-23,-0.0031601338068404606
2021-11-24,0.006331585465593924
2021-11-25,-0.010473352170523385
2021-11-26,-0.005672352448513821
2021-11-29,0.006857027457294399
2021-11-30,-0.009491448458893686
2021-12-01,-0.006529258583624585
2021-12-02,0.0038086246480927397
2021-12-03,-0.00778556624456829
2021-12-06,-0.0076217959838317684
2021-12-07,0.003913663148322319
2021-12-08,-0.009774631674692044
2021-12-09,-0.004951734550672235
2021-12-10,-0.006165763640726514
2021-12-13,-0.007374059525782187
2021-12-14,-0.005113228717272272
2021-12-15,0.01871360248931596
2021-12-16,-0.007123113820501615
2021-12-17,-0.0010174918343456118
2021-12-20,-0.01698871413173422
2021-12-21,-0.009972475770296838
2021-12-22,0.010016017950419738
2021-12-23,0.012904431474872573
2021-12-24,-0.005263473613795714
2021-12-27,-0.006201793184685282
2021-12-28,-0.03153087807224924
2021-12-29,0.005114939387712249
2021-12-30,0.004371965474126547
2021-12-31,0.005886196362820861
2022-01-03,-0.009767478401943473
2022-01-04,0.00518361899198433
2022-01-05,-0.002441020765891218
2022-01-06,0.0017467334958151536
2022-01-07,-0.0016485211737709044
2022-01-10,0.029761395640116137
2022-01-11,0.0031018485247470955
2022-01-12,0.008807113355704959
2022-01-13,0.022543654473583998
2022-01-14,0.003435685652747441
2022-01-17,0.0009698921498888684
2022-01-18,-0.00736452986090381
2022-01-19,0.004797873630257784
2022-01-20,0.004316996728103547
2022-01-21,0.03185860467905445
2022-01-24,0.00648661182328353
2022-01-25,-0.010846358194991633
2022-01-26,0.007034474397419162
2022-01-27,0.02660258882825591
2022-01-28,-0.009152016523323005
2022-01-31,-0.0012842805170584113
2022-02-01,0.008304989769835892
2022-02-02,0.002662558106098186
2022-02-03,-0.010385047678808108
2022-02-04,0.011687323291842416
2022-02-07,-0.010825020686518153
2022-02-08,0.002865818174037304
2022-02-09,0.028803003878000152
2022-02-10,0.0046617580962844025
2022-02-11,-0.0037044021465641903
2022-02-14,-0.017367956906233196
2022-02-15,-0.008134617857789671
2022-02-16,0.001070300669073832
2022-02-17,0.007093715373887911
2022-02-18,-0.002352494428768202
2022-02-21,0.0033325180264304633
2022-02-22,-0.016499486790793036
2022-02-23,0.01616307682846942
2022-02-24,-0.0048429349010365
2022-02-25,-0.021900177082784588
2022-02-28,0.008794642283381686
2022-03-01,-0.003203501703495096
2022-03-02,0.0015494803265729586
2022-03-03,0.006075849434621347
2022-03-04,-0.013619913625410686
2022-03-07,-0.02632559172729915
2022-03-08,-0.013899369145912199
2022-03-09,0.004316815978008055
2022-03-10,-0.0009203008283684529
2022-03-11,0.0051117521551430406
2022-03-14,0.004293970256293859
2022-03-15,0.0012187885523849149
2022-03-16,-0.010264826434941407
2022-03-17,0.0015245867607398926
2022-03-18,0.01765996008225004
2022-03-21,-0.03892462431347065
2022-03-22,-0.005000533638707354
2022-03-23,0.005291749001542812
2022-03-24,-0.012345287318857777
2022-03-25,0.007609510515523902
2022-03-28,-0.004670178810430598
2022-03-29,0.005797833055498983
2022-03-30,0.0024809852993648357
2022-03-31,-0.0007271232109047841
2022-04-01,0.0033179486427052517
2022-04-04,-0.010348297150179113
2022-04-05,0.01593687559380291
2022-04-06,0.0003328964342271658
2022-04-07,0.005228785180044588
2022-04-08,0.012929720363571937
2022-04-11,0.0029098861593690544
2022-04-12,0.0026680052625284684
2022-04-13,0.009232631797352698
2022-04-14,-0.0037444660588028603
2022-04-15,0.0003050579036252459
2022-04-18,-0.0046217888467586345
2022-04-19,0.002749653549509231
2022-04-20,-0.005590681253027582
2022-04-21,-0.006188976979646788
2022-04-22,0.014954819268006833
2022-04-25,0.0008955669159479733
2022-04-26,-0.001790285880290698
2022-04-27,-0.0001939802413670563
2022-04-28,-0.011115884080483137
2022-04-29,-0.007484552878208503
2022-05-02,-0.05450000840366087
2022-05-03,0.00812097484965914
2022-05-04,-0.029733393488179098
2022-05-05,-0.00838962703169522
2022-05-06,0.0038242029886859357
2022-05-09,0.001945929569941044
2022-05-10,0.0057998793206826636
2022-05-11,0.016030966403085357
2022-05-12,-0.00444485633836739
2022-05-13,-0.00590711285653376
2022-05-16,-0.021286546524133476
2022-05-17,-0.0038418252562274196
2022-05-18,0.003956473733109278
2022-05-19,-0.0041701609718968555
2022-05-20,-0.0007439780300203326
2022-05-23,-0.007820422486066004
2022-05-24,-0.00068811180591635
2022-05-25,0.0003461735147430252
2022-05-26,0.0031902798397437843
2022-05-27,0.00037842619365731627
2022-05-30,-0.0008908987988043793
2022-05-31,0.0007247159123033825
2022-06-01,0.005312049089799141
2022-06-02,0.0034614607750696447
2022-06-03,-0.0030105390688406754
2022-06-06,0.002227792394256874
2022-06-07,-0.008962431106788795
2022-06-08,1.4399386309455462e-05
2022-06-09,0.0002920355787753101
2022-06-10,0.006986645636012399
2022-06-13,-0.0053676079107787865
2022-06-14,-0.008202275418230631
2022-06-15,0.01862518275652771
2022-06-16,-0.005863623045420827
2022-06-17,-0.007319229102912196
2022-06-20,0.004278142038149127
2022-06-21,-0.039978573772418625
2022-06-22,0.04571772295950646
2022-06-23,0.015167231255826481
2022-06-24,0.0026437769590062993
2022-06-27,-0.008675421958975721
2022-06-28,0.0166783039123301
2022-06-29,-0.0004054485412910288
2022-06-30,-0.0038846724905543147
2022-07-01,0.009451223185733045
2022-07-04,0.0070213492958801586
2022-07-05,-0.013229871006104827
2022-07-06,-0.013072800936847212
2022-07-07,-0.009800575645999489
2022-07-08,0.018326470020990814
2022-07-11,0.008622669035418319
2022-07-12,-0.010624176522151075
2022-07-13,-0.008834425556842431
2022-07-14,-0.002596324072968963
2022-07-15,-0.0007759140233383504
2022-07-18,-0.012922954683661917
2022-07-19,-0.003429160125016052
2022-07-20,0.006523892690567794
2022-07-21,0.012335475623004617
2022-07-22,-0.003720288378144084
2022-07-25,0.014229615006920748
2022-07-26,0.00436959489917111
2022-07-27,0.003932899559114792
2022-07-28,0.018024886687920214
2022-07-29,0.0063506602194673125
2022-08-01,-0.011153314657817612
2022-08-02,-0.017122918106743372
2022-08-03,0.011632935276787755
2022-08-04,0.00021464034934929775
2022-08-05,0.012596253429614008
2022-08-08,-0.0064848672157154195
2022-08-09,0.0023121315862110934
2022-08-10,-0.00231954201697827
2022-08-11,0.003544750638728875
2022-08-12,-0.0022044182139944646
2022-08-15,-0.004099934296381938
2022-08-16,0.025113592911257178
2022-08-17,0.008444489799356475
2022-08-18,-0.009814052355881148
2022-08-19,-0.010562314168144378
2022-08-22,-0.0015973209201851231
2022-08-23,-0.02325286314982568
2022-08-24,0.014302912924640242
2022-08-25,-0.009966001780996396
2022-08-26,0.01062423474900933
2022-08-29,-0.01065897675694895
2022-08-30,0.001957138676849189
2022-08-31,-0.007259228358100351
2022-09-01,0.010814173650639075
2022-09-02,-0.004887129488557114
2022-09-05,0.0008680408891226527
2022-09-06,0.005091987701453851
2022-09-07,0.01442255730950333
2022-09-08,0.017784302578395812
2022-09-09,-0.01479434363897461
2022-09-12,0.01505627830767106
2022-09-13,0.005854839406325177
2022-09-14,0.006152617689510616
2022-09-15,-0.026025549606300744
2022-09-16,0.010793048142567756
2022-09-19,0.01040774146941732
2022-09-20,0.00736966236974676
2022-09-21,0.0033384879956472107
2022-09-22,-0.016485025122116904
2022-09-23,-0.00041349129126947283
2022-09-26,0.046585895953168546
2022-09-27,0.011697639107939526
2022-09-28,-0.0044349160984294145
2022-09-29,0.005105189518674778
2022-09-30,-0.007264892369733995
2022-10-03,-0.0061520525334098864
2022-10-04,-0.0023903583016652973
2022-10-05,-0.013781550649199698
2022-10-06,-0.0063029652852797545
2022-10-07,0.014510863519102832
2022-10-10,0.006075908682225636
2022-10-11,0.00942514238190251
2022-10-12,0.01699558524154146
2022-10-13,0.005710143146193505
2022-10-14,0.008638531211225353
2022-10-17,0.005988053218212684
2022-10-18,-0.0024365643509787274
2022-10-19,-0.019161468663719965
2022-10-20,-0.01043978589472435
2022-10-21,-0.007372607573075377
2022-10-24,0.006542093336571519
2022-10-25,-0.00079484557752103
2022-10-26,0.007444528868862122
2022-10-27,0.0005135255023971197
2022-10-28,-0.0065019571358857125
2022-10-31,-0.021133865984252456
2022-11-01,-0.00981890468568375
2022-11-02,0.03599527742460435
2022-11-03,0.01887885140417982
2022-11-04,-0.0014162778805958324
2022-11-07,0.007231404241475389
2022-11-08,0.010232826279957566
2022-11-09,-0.01933923824813041
2022-11-10,-0.01262240011620156
2022-11-11,-0.004103755288170449
2022-11-14,-0.005162448812150465
2022-11-15,-0.0009504506055765951
2022-11-16,0.0062671378963797654
2022-11-17,-0.0018542223421007887
2022-11-18,0.010346147061299008
2022-11-21,0.0175468733546257
2022-11-22,-0.005097571100985443
2022-11-23,-0.004347563151158978
2022-11-24,0.006429693504297926
2022-11-25,-0.005542225870648148
2022-11-28,-0.0026326430288084687
2022-11-29,0.0030463170206049867
2022-11-30,0.007006548308088714
2022-12-01,0.0036952926001665156
2022-12-02,-0.005555933434559231
2022-12-05,-0.0033833546766466865
2022-12-06,-0.006355525401160818
2022-12-07,0.008647622887768974
2022-12-08,-0.011097890384579525
2022-12-09,8.224040737640211e-05
2022-12-12,-6.888662267334213e-06
2022-12-13,0.00578285846346969
2022-12-14,0.0006612620647640093
2022-12-15,0.026041690768757893
2022-12-16,-0.009257372496968216
2022-12-19,-0.002599785967882827
2022-12-20,-0.00014717077633210956
2022-12-21,-0.01690794362444343
2022-12-22,0.006418379445409482
2022-12-23,-0.0014826846064156943
2022-12-26,0.01207850572592682
2022-12-27,0.02801510863995054
2022-12-28,0.0019015679486927765
2022-12-29,-0.0031640541224161375
2022-12-30,0.009491469162098918
2023-01-02,-0.0008080485172111187
2023-01-03,0.005981609776678535
2023-01-04,-0.006800365850322969
2023-01-05,0.011671394911530967
2023-01-06,0.013220259725894622
2023-01-09,0.010167934446277671
2023-01-10,0.015822137660132785
2023-01-11,-0.0399794251979243
2023-01-12,-0.012293390366984508
2023-01-13,0.0016716976868120354
2023-01-16,6.337101682943054e-05
2023-01-17,0.003706661638366406
2023-01-18,-0.016155764154706122
2023-01-19,0.004772672699413054
2023-01-20,-0.010381676254506145
2023-01-23,-0.000874163096869059
2023-01-24,0.001798824397185564
2023-01-25,0.008041776453735536
2023-01-26,-0.004359098839381359
2023-01-27,-0.0031133264529528597
2023-01-30,-0.010703933156479356
2023-01-31,-0.01074492383788977
2023-02-01,-0.007705633386517183
2023-02-02,0.041307199720944376
2023-02-03,0.005753340784554597
2023-02-06,-0.014563343229297424
2023-02-07,0.009062808481366997
2023-02-08,0.012684349854536352
2023-02-09,-0.009648080921950259
2023-02-10,-0.010934790924948633
2023-02-13,0.0022055953228704303
2023-02-14,0.017026862156254742
2023-02-15,0.010115767566490814
2023-02-16,-0.00759354500683309
2023-02-17,0.0032012025285809388
2023-02-20,-0.01261256020385179
2023-02-21,-0.0017762561618513118
2023-02-22,0.0026898495266395096
2023-02-23,0.015022609550023821
2023-02-24,0.00982687069138737
2023-02-27,-0.003059505150086485
2023-02-28,0.004901445002029199
2023-03-01,-0.0050553211329022575
2023-03-02,-0.012829725183172885
2023-03-03,-0.00020035885246213407
2023-03-06,0.006242457753086155
2023-03-07,-0.007296716834049451
2023-03-08,-0.0017048588772529964
2023-03-09,0.0143773167117657
2023-03-10,0.002130127725044284
2023-03-13,-0.0034229125715764365
2023-03-14,-0.0019121079823154318
2023-03-15,-0.0046868807653809574
2023-03-16,-0.008339698610208819
2023-03-17,-0.005281643190639846
2023-03-20,0.007063960028073572
2023-03-21,-0.021963412657706936
2023-03-22,-0.00464409219265982
2023-03-23,-0.004767200576134266
2023-03-24,0.00987973322231095
2023-03-27,0.015653046354838142
2023-03-28,0.004050457869141573
2023-03-29,-0.004202797052427573
2023-03-30,0.03646788777143184
2023-03-31,-0.00047114811604769804
2023-04-03,0.01611022749551733
2023-04-04,0.005643467059815846
2023-04-05,-0.013435478169081716
2023-04-06,0.01315435652219419
2023-04-07,-0.004467698182307149
2023-04-10,-0.015067441172857578
2023-04-11,0.00875269823067283
2023-04-12,0.005692139048210149
2023-04-13,-0.02390127478018306
2023-04-14,-0.009418764122548733
2023-04-17,-0.015398617519129718
2023-04-18,-0.004510442281088443
2023-04-19,-0.004886387249872857
2023-04-20,-0.022706526558938362
2023-04-21,-0.0028282068324614108
2023-04-24,0.0026859180920921714
2023-04-25,0.011016276711973515
2023-04-26,0.003695729509654125
2023-04-27,-0.006298850972491284
2023-04-28,-0.005434733015673295
2023-05-01,-0.006714294947518207
2023-05-02,0.017143975404483928
2023-05-03,-0.027868297681050466
2023-05-04,-0.002279725788016232
2023-05-05,-0.008973529042113468
2023-05-08,0.000690555413031795
2023-05-09,-0.0030906970068431384
2023-05-10,0.009539083040127051
2023-05-11,-0.014313317811571389
2023-05-12,-0.002204024654060363
2023-05-15,-0.00801803597946892
2023-05-16,-0.005293804386804308
2023-05-17,-0.011963593531706649
2023-05-18,-0.0007605454821934995
2023-05-19,-0.004203280442760549
2023-05-22,0.009016053457057199
2023-05-23,0.0018707050431248018
2023-05-24,-0.01367740029004156
2023-05-25,-0.00031598104642020656
2023-05-26,-0.01020165734697646
2023-05-29,-0.00042377017212481144
2023-05-30,-0.009883850436884268
2023-05-31,-0.02446330551259999
2023-06-01,-0.0009711457775463537
2023-06-02,0.01925495231625572
2023-06-05,-0.0006877785283434086
2023-06-06,0.0014705754799613213
2023-06-07,0.012385976177425444
2023-06-08,-0.004895692443727905
2023-06-09,-0.008157791779301616
2023-06-12,-0.00325455606934081
2023-06-13,-0.0016746395576047457
2023-06-14,0.0018097191922361762
2023-06-15,0.00030633778257775694
2023-06-16,0.005672165172963065
2023-06-19,-0.0077534625010514755
2023-06-20,0.00722712468605134
2023-06-21,0.0045843051992243275
2023-06-22,0.01884733903270633
2023-06-23,0.001132096115694568
2023-06-26,-0.0062222021441984635
2023-06-27,-0.013537425862801366
2023-06-28,-0.005158930004003785
2023-06-29,0.013363063376475163
2023-06-30,0.010709179252248938
2023-07-03,0.0072185018372002314
2023-07-04,0.001661320591518775
2023-07-05,0.00805512746289393
2023-07-06,-0.004267722324267066
2023-07-07,-0.006516683773858388
2023-07-10,0.007142629899716734
2023-07-11,0.00984875332976914
2023-07-12,0.012763021202608114
2023-07-13,0.011470965649150611
2023-07-14,0.0020679307612504923
2023-07-17,-0.011907975197118021
2023-07-18,-0.0009768799346899573
2023-07-19,-0.005320822816123607
2023-07-20,0.0005053051462940652
2023-07-21,-0.009983801969673276
2023-07-24,-0.0034589902351916477
2023-07-25,0.005759006608723526
2023-07-26,-0.046426955367174866
2023-07-27,-0.004005072302277613
2023-07-28,0.007951727715000013
2023-07-31,0.0017911355426798539
2023-08-01,-0.009687825798840501
2023-08-02,-0.00015757801588820678
2023-08-03,-0.028445501763159797
2023-08-04,0.00908467391994477
2023-08-07,0.0077571908885275
2023-08-08,0.0017174237330442091
2023-08-09,0.01764310468341129
2023-08-10,-0.0018837239374298004
2023-08-11,0.01554330261976237
2023-08-14,0.00519966459011805
2023-08-15,0.018542894788715295
2023-08-16,0.012134159785075295
2023-08-17,0.020610977243945033
2023-08-18,-0.005481771586609397
2023-08-21,-0.01260538688204991
2023-08-22,-0.008054324040543723
2023-08-23,-0.004705817040895608
2023-08-24,-0.0041927206235143465
2023-08-25,0.09737475371779501
2023-08-28,0.004034938265713459
2023-08-29,0.002879549309265221
2023-08-30,0.006543723262487956
2023-08-31,-0.00784384660743066
2023-09-01,0.00208271705643806
2023-09-04,-0.008129678950028599
2023-09-05,0.005931376048205897
2023-09-06,0.012247711566583165
2023-09-07,-0.002683635321256438
2023-09-08,0.01394926964385832
2023-09-11,-0.0033105396146883284
2023-09-12,0.005583183082754066
2023-09-13,0.011534691198299151
2023-09-14,-0.00724650303056576
2023-09-15,0.007340172352995793
2023-09-18,0.007641281497773733
2023-09-19,0.006128715207000772
2023-09-20,0.030632038006847342
2023-09-21,-0.0163777705874028
2023-09-22,-0.01009019542463729
2023-09-25,-0.011033773907493322
2023-09-26,0.0009527623268905911
2023-09-27,0.006584986531927489
2023-09-28,0.011924183310276469
2023-09-29,0.012949692467352477
2023-10-02,-0.0007338055495605184
2023-10-03,0.012355585523114915
2023-10-04,-0.013917696515127772
2023-10-05,-0.03416727249195689
2023-10-06,-0.004435022639946816
2023-10-09,-0.004284729501004312
2023-10-10,-0.009697247048510186
2023-10-11,0.02908047086758996
2023-10-12,-0.011538230793695342
2023-10-13,0.00933554355949854
2023-10-16,-0.008043240873183033
2023-10-17,0.01566031436133817
2023-10-18,-0.007190494957557826
2023-10-19,-0.008014195558068279
2023-10-20,0.007716765807395387
2023-10-23,-0.03407380911922259
2023-10-24,-0.0014238709067254012
2023-10-25,-0.025821562262840048
2023-10-26,-0.017020513443647134
2023-10-27,-0.000696396142069342
2023-10-30,-0.0074524056487988745
