date,equity
2019-01-01,100269.19307398757
2019-01-02,102017.75761273946
2019-01-03,100909.05110494746
2019-01-04,101535.94170848108
2019-01-07,97985.24738459609
2019-01-08,98233.50079925012
2019-01-09,97666.74962477366
2019-01-10,97963.19625340232
2019-01-11,97934.420153892
2019-01-14,100092.00593552156
2019-01-15,101028.96505889935
2019-01-16,101981.58289823912
2019-01-17,102632.13941683815
2019-01-18,102174.4549170639
2019-01-21,101939.53718441569
2019-01-22,101423.98042374659
2019-01-23,101518.71543536872
2019-01-24,102405.70420172684
2019-01-25,105357.64499677237
2019-01-28,105484.07550366488
2019-01-29,104828.25330023309
2019-01-30,104314.37344277186
2019-01-31,104266.26750237607
2019-02-01,103745.64141638247
2019-02-04,104433.50759298897
2019-02-05,104710.3161838013
2019-02-06,104457.74261104941
2019-02-07,103929.92082341241
2019-02-08,104676.3894995652
2019-02-11,105681.38981223272
2019-02-12,104568.80938477078
2019-02-13,103905.36151636609
2019-02-14,102414.8003021189
2019-02-15,105059.35324293542
2019-02-18,105241.61457584285
2019-02-19,99466.78541431014
2019-02-20,99530.75025856514
2019-02-21,99016.14638463603
2019-02-22,98833.54462097575
2019-02-25,97495.84776885164
2019-02-26,97350.14618232036
2019-02-27,97617.43397088627
2019-02-28,98116.95477041088
2019-03-01,96258.31312398204
2019-03-04,95259.70859700532
2019-03-05,93963.8322101743
2019-03-06,95452.20731321428
2019-03-07,96427.73176033926
2019-03-08,96712.83885570813
2019-03-11,94639.72129705714
2019-03-12,95060.87415933514
2019-03-13,95029.0964987273
2019-03-14,97550.04624316831
2019-03-15,98479.06780680412
2019-03-18,98462.97564095749
2019-03-19,99213.52261501407
2019-03-20,98960.28898959215
2019-03-21,98526.19401335323
2019-03-22,98822.15727444713
2019-03-25,97150.97258421578
2019-03-26,97086.0546412981
2019-03-27,97014.50937956187
2019-03-28,98142.22219781356
2019-03-29,97022.72835281922
2019-04-01,98711.6429327864
2019-04-02,99101.97126756729
2019-04-03,98653.16409799352
2019-04-04,95755.8880349782
2019-04-05,96198.5659612062
2019-04-08,96440.5350469765
2019-04-09,94511.75605695149
2019-04-10,93711.73379288269
2019-04-11,93200.73013114219
2019-04-12,93219.85731629867
2019-04-15,93207.63308988287
2019-04-16,92239.60464218736
2019-04-17,92706.96616907936
2019-04-18,94524.91966224257
2019-04-19,96817.00573413321
2019-04-22,96286.76873612472
2019-04-23,96525.62287970654
2019-04-24,97231.8096104645
2019-04-25,96999.93822716485
2019-04-26,97345.69756694653
2019-04-29,98091.87303142644
2019-04-30,97297.21495377598
2019-05-01,98647.02971964277
2019-05-02,98963.72749986315
2019-05-03,97985.93759561582
2019-05-06,98644.31659553037
2019-05-07,98222.36302735512
2019-05-08,97403.12219492851
2019-05-09,97402.96754622846
2019-05-10,95632.62924319807
2019-05-13,98643.69577104035
2019-05-14,99854.77048328216
2019-05-15,102264.51378047503
2019-05-16,101727.46347930408
2019-05-17,101719.04137231779
2019-05-20,101676.14301122117
2019-05-21,101981.90423863966
2019-05-22,101997.87845590811
2019-05-23,102079.09446004748
2019-05-24,102458.22231459276
2019-05-27,102387.23703082994
2019-05-28,104287.43458069528
2019-05-29,103095.39077970447
2019-05-30,102664.84408763284
2019-05-31,103490.66864598847
2019-06-03,104528.04103882762
2019-06-04,105172.44170801161
2019-06-05,105921.6246887587
2019-06-06,106930.85368362411
2019-06-07,107388.28804558385
2019-06-10,107017.67869738078
2019-06-11,109857.63879245192
2019-06-12,109621.56578972984
2019-06-13,110292.42837979565
2019-06-14,110920.15771889727
2019-06-17,111566.70974477967
2019-06-18,111956.8703986556
2019-06-19,113317.13206162017
2019-06-20,114719.18839571149
2019-06-21,109928.49197756109
2019-06-24,109934.55053243972
2019-06-25,109721.61868422327
2019-06-26,110512.38379327691
2019-06-27,111692.30572110704
2019-06-28,112313.12789367027
2019-07-01,113235.56912582979
2019-07-02,115053.57176195401
2019-07-03,114728.90451824946
2019-07-04,113636.90709273613
2019-07-05,113334.1102788938
2019-07-08,113352.68497561212
2019-07-09,113207.19850472303
2019-07-10,111357.19193524796
2019-07-11,112296.18448975639
2019-07-12,113644.62993017028
2019-07-15,114660.17639847963
2019-07-16,114189.62059253767
2019-07-17,114566.86380315469
2019-07-18,112531.82357482913
2019-07-19,109679.82530473579
2019-07-22,110286.18113679532
2019-07-23,110107.58794468973
2019-07-24,108653.11457811475
2019-07-25,108300.27550410488
2019-07-26,109332.32774926511
2019-07-29,110269.02578586443
2019-07-30,109286.64385685268
2019-07-31,110125.40717067507
2019-08-01,110255.5698609375
2019-08-02,110680.62247947397
2019-08-05,109410.10716476139
2019-08-06,108854.20502734267
2019-08-07,110176.65156843519
2019-08-08,104194.17545628689
2019-08-09,103937.77183817592
2019-08-12,104105.74169883158
2019-08-13,104066.32454560898
2019-08-14,103520.79046068573
2019-08-15,103322.9789623751
2019-08-16,103887.58589076257
2019-08-19,104235.54616210358
2019-08-20,104446.83292198306
2019-08-21,103831.89899381662
2019-08-22,103745.70253836503
2019-08-23,104828.46846811478
2019-08-26,103021.84536916394
2019-08-27,102669.15563530865
2019-08-28,102610.85469558042
2019-08-29,104517.5632839901
2019-08-30,102711.56427279291
2019-09-02,103320.30502625971
2019-09-03,102453.3403759691
2019-09-04,102765.29890972962
2019-09-05,104015.79465236736
2019-09-06,104208.04291525327
2019-09-09,104261.21333102345
2019-09-10,102706.16909443568
2019-09-11,102249.1531654958
2019-09-12,102328.86899083214
2019-09-13,102921.33869512616
2019-09-16,103379.42692154969
2019-09-17,103874.37467079972
2019-09-18,105192.967881483
2019-09-19,103689.59054770728
2019-09-20,105027.68195679333
2019-09-23,105833.05224952273
2019-09-24,102987.89180604093
2019-09-25,103580.22747652703
2019-09-26,101555.333930058
2019-09-27,102948.03632819498
2019-09-30,105036.47842186352
2019-10-01,104926.91294436554
2019-10-02,105030.26811818167
2019-10-03,107608.82617833267
2019-10-04,106932.16584308691
2019-10-07,107467.87206327629
2019-10-08,106109.65017804908
2019-10-09,108388.70308890323
2019-10-10,108972.70147461022
2019-10-11,108610.84820269524
2019-10-14,108566.33849426702
2019-10-15,108456.13512513683
2019-10-16,107726.45781877637
2019-10-17,106862.29394320284
2019-10-18,107533.431972925
2019-10-21,106920.48001133943
2019-10-22,108934.2179293987
2019-10-23,115833.90017453526
2019-10-24,115883.48954141488
2019-10-25,116567.67155282774
2019-10-28,117476.2444628853
2019-10-29,115953.55219247565
2019-10-30,115828.55921897535
2019-10-31,114288.41377306664
2019-11-01,115097.42278903325
2019-11-04,114593.72920134044
2019-11-05,115096.80076648892
2019-11-06,115090.09280599996
2019-11-07,116193.18406334764
2019-11-08,115043.71977758232
2019-11-11,115909.89729482771
2019-11-12,117229.34244365618
2019-11-13,115522.80226051917
2019-11-14,114027.82123620725
2019-11-15,113816.88012884943
2019-11-18,115216.14803686511
2019-11-19,114647.64386391293
2019-11-20,112126.60934367603
2019-11-21,114899.28152625091
2019-11-22,115281.8870816001
2019-11-25,115295.30113883459
2019-11-26,115785.2522696412
2019-11-27,116156.28564994085
2019-11-28,115731.83358159327
2019-11-29,116916.61610151944
2019-12-02,121216.8126151934
2019-12-03,122088.22496451213
2019-12-04,123561.17459983035
2019-12-05,124340.71040380478
2019-12-06,124022.41774741239
2019-12-09,123094.37192397959
2019-12-10,122670.26674550016
2019-12-11,122541.04585659278
2019-12-12,122857.59979306188
2019-12-13,123952.33190428994
2019-12-16,122590.3898200701
2019-12-17,122580.11454098143
2019-12-18,123645.57886503571
2019-12-19,124559.65193639358
2019-12-20,125893.11121125828
2019-12-23,125674.09846711846
2019-12-24,126029.35684149295
2019-12-25,127159.47038485039
2019-12-26,127205.33636907286
2019-12-27,128963.28546805207
2019-12-30,130319.55353093483
2019-12-31,132514.06942458032
2020-01-01,131350.55033704534
2020-01-02,131082.07766551824
2020-01-03,132966.42026197683
2020-01-06,135145.7984081878
2020-01-07,134605.62700459253
2020-01-08,132352.11581550684
2020-01-09,132610.16588705205
2020-01-10,133421.8593936155
2020-01-13,133363.31109834253
2020-01-14,131887.19639144556
2020-01-15,129803.6543940364
2020-01-16,129060.14661954183
2020-01-17,130659.37625355352
2020-01-20,132976.7591150268
2020-01-21,131715.6757836695
2020-01-22,131595.58220200308
2020-01-23,134706.4653930551
2020-01-24,137532.06346770408
2020-01-27,137969.02587319026
2020-01-28,138067.65886517748
2020-01-29,136462.55723358336
2020-01-30,137928.4197402273
2020-01-31,136912.96953786898
2020-02-03,136815.66476046474
2020-02-04,138154.9531108309
2020-02-05,136225.21582099897
2020-02-06,136316.49819813465
2020-02-07,136703.47687653458
2020-02-10,135955.4563629687
2020-02-11,137987.7796985409
2020-02-12,140137.13171116338
2020-02-13,139813.0387932941
2020-02-14,141327.62481033622
2020-02-17,142000.64785479673
2020-02-18,144138.1972787333
2020-02-19,143631.16692341847
2020-02-20,144878.84772876778
2020-02-21,146416.284681405
2020-02-24,144872.39135304568
2020-02-25,143955.59491952026
2020-02-26,143109.14765613156
2020-02-27,142132.5888124412
2020-02-28,145735.83662832848
2020-03-02,146050.6928957728
2020-03-03,146329.47463436003
2020-03-04,145203.1899455894
2020-03-05,144583.27468368167
2020-03-06,144597.4416430222
2020-03-09,142112.6801339378
2020-03-10,141317.39828802567
2020-03-11,142600.71659123147
2020-03-12,140237.40561248577
2020-03-13,141219.7463929919
2020-03-16,140824.54392584792
2020-03-17,141360.68679029614
2020-03-18,142913.3327994506
2020-03-19,142929.6898520347
2020-03-20,144687.7354924781
2020-03-23,146956.55843206804
2020-03-24,146088.21180575463
2020-03-25,147143.05872184964
2020-03-26,147146.42480877112
2020-03-27,149090.48955879375
2020-03-30,150085.0048927413
2020-03-31,143321.93818912277
2020-04-01,140158.52000631773
2020-04-02,138589.23977465602
2020-04-03,139346.55898608017
2020-04-06,140016.24878382156
2020-04-07,138035.61953570505
2020-04-08,138904.25509766245
2020-04-09,137798.17882769046
2020-04-10,138888.15940123834
2020-04-13,138222.80931819134
2020-04-14,136333.13357318277
2020-04-15,134645.06528980672
2020-04-16,135562.160700465
2020-04-17,135210.6349599812
2020-04-20,135444.26951117866
2020-04-21,134928.12200168252
2020-04-22,138376.5910216116
2020-04-23,140860.61092890962
2020-04-24,138866.11399398345
2020-04-27,136653.28647913938
2020-04-28,137486.43950172808
2020-04-29,137963.2123033605
2020-04-30,137896.46513211992
2020-05-01,136820.13062896047
2020-05-04,138766.50508768682
2020-05-05,139129.66194432156
2020-05-06,139706.3277978707
2020-05-07,138423.3181937688
2020-05-08,138280.25275959098
2020-05-11,137072.1984110434
2020-05-12,135151.53190127315
2020-05-13,135134.67224130715
2020-05-14,135452.53240736906
2020-05-15,134382.06432926498
2020-05-18,133234.8930862488
2020-05-19,132095.17262396106
2020-05-20,130154.59184470717
2020-05-21,130493.58583380296
2020-05-22,129808.73139582005
2020-05-25,128563.72948303274
2020-05-26,126646.19823124388
2020-05-27,127508.80783766619
2020-05-28,127427.87991676565
2020-05-29,128318.67112594077
2020-06-01,130064.18874193841
2020-06-02,128873.63208715223
2020-06-03,126978.5973933843
2020-06-04,127955.63680228197
2020-06-05,127162.0080966671
2020-06-08,127406.60432490503
2020-06-09,126052.20001636547
2020-06-10,127169.63353758634
2020-06-11,130338.1248502939
2020-06-12,128442.44914005103
2020-06-15,127976.36976542963
2020-06-16,127130.82368100423
2020-06-17,125698.05426150806
2020-06-18,127437.76345669306
2020-06-19,128151.93000772416
2020-06-22,127197.09731055635
2020-06-23,123964.33277942143
2020-06-24,123790.54250863442
2020-06-25,123612.31861731697
2020-06-26,122205.7480531125
2020-06-29,123221.58076971886
2020-06-30,123827.45470693875
2020-07-01,125006.8494925289
2020-07-02,125256.07023725132
2020-07-03,124514.442797575
2020-07-06,123191.83090956476
2020-07-07,125453.21517560152
2020-07-08,125926.40578094331
2020-07-09,127093.86370356541
2020-07-10,125328.80401692726
2020-07-13,124419.21500746529
2020-07-14,123255.51954556267
2020-07-15,123529.78482311493
2020-07-16,124978.77942658488
2020-07-17,124895.29315515158
2020-07-20,125733.92552447424
2020-07-21,127895.81758497717
2020-07-22,128324.71841510951
2020-07-23,126205.33422674358
2020-07-24,126691.07596042786
2020-07-27,125257.73884567506
2020-07-28,123941.49866650757
2020-07-29,124102.38652446124
2020-07-30,124751.24510866558
2020-07-31,115416.59468460275
2020-08-03,115106.80291824538
2020-08-04,115475.12296974956
2020-08-05,114715.92372913449
2020-08-06,113031.02527297985
2020-08-07,110522.37885537306
2020-08-10,111123.27569014466
2020-08-11,112066.96543921262
2020-08-12,112889.14373041426
2020-08-13,114045.10105076253
2020-08-14,114951.95805536005
2020-08-17,114263.63789161862
2020-08-18,114504.95006904888
2020-08-19,114884.07173706952
2020-08-20,115423.86234917585
2020-08-21,115061.7352658851
2020-08-24,115238.20377815413
2020-08-25,114268.25337577335
2020-08-26,113854.47935559855
2020-08-27,113700.9450089209
2020-08-28,113800.166943646
2020-08-31,114077.62422053423
2020-09-01,115424.39499553447
2020-09-02,116137.6225767332
2020-09-03,116754.33740036303
2020-09-04,117361.3944739496
2020-09-07,117501.29243168775
2020-09-08,115641.87577141021
2020-09-09,115955.08251489805
2020-09-10,115483.23147954735
2020-09-11,115214.27324800182
2020-09-14,116659.27236149633
2020-09-15,117509.84369381788
2020-09-16,114988.86532282148
2020-09-17,115979.19795089561
2020-09-18,116214.43573146666
2020-09-21,115702.03579972318
2020-09-22,116475.04937637427
2020-09-23,119161.49349612636
2020-09-24,120290.68567048227
2020-09-25,122406.98004750827
2020-09-28,122926.06996714363
2020-09-29,121057.370456444
2020-09-30,119481.09214904114
2020-10-01,120165.98776160508
2020-10-02,120561.2357267268
2020-10-05,119847.92511912214
2020-10-06,119306.70648913739
2020-10-07,119438.742623367
2020-10-08,119956.22304648615
2020-10-09,119986.97457023396
2020-10-12,119180.4172828424
2020-10-13,119447.87963025771
2020-10-14,118044.51769273827
2020-10-15,117846.65664294966
2020-10-16,117598.04158017845
2020-10-19,116311.25918944716
2020-10-20,116708.54610425702
2020-10-21,116679.81044744705
2020-10-22,117280.75254448764
2020-10-23,115954.28490967046
2020-10-26,115864.12867437214
2020-10-27,116916.61907634056
2020-10-28,117451.8939733842
2020-10-29,117975.26232947309
2020-10-30,118225.5902267491
2020-11-02,117937.93990530472
2020-11-03,116736.94873688716
2020-11-04,115405.79899679386
2020-11-05,115923.66740659496
2020-11-06,115574.98249839587
2020-11-09,114327.94462535229
2020-11-10,115733.54299547698
2020-11-11,117833.69896687951
2020-11-12,118892.64196823332
2020-11-13,120156.30719099207
2020-11-16,120681.3888136707
2020-11-17,123017.26775017614
2020-11-18,124492.88467523378
2020-11-19,127434.95760411782
2020-11-20,126692.26573933932
2020-11-23,128688.12512031844
2020-11-24,128979.94352475279
2020-11-25,128321.67914661468
2020-11-26,128783.35665428218
2020-11-27,128237.19105926463
2020-11-30,129954.6488269649
2020-12-01,129808.68665961544
2020-12-02,128454.28712428104
2020-12-03,126385.8206040389
2020-12-04,127494.34439019802
2020-12-07,123537.93881325683
2020-12-08,123159.8094188818
2020-12-09,121166.52644227787
2020-12-10,120385.17609139487
2020-12-11,120288.71061589965
2020-12-14,120828.72231390221
2020-12-15,120578.04832221844
2020-12-16,121326.63425782663
2020-12-17,123007.67396171777
2020-12-18,122681.50498871577
2020-12-21,121690.51341963597
2020-12-22,120632.05247740688
2020-12-23,120054.56559149486
2020-12-24,121202.06440016865
2020-12-25,123354.42271885586
2020-12-28,124354.05544784639
2020-12-29,124866.29598630918
2020-12-30,124647.4048331885
2020-12-31,125616.03748830201
2021-01-01,125752.13791309945
2021-01-04,125568.1248584587
2021-01-05,123040.9351156039
2021-01-06,121062.19478711265
2021-01-07,120595.69432763202
2021-01-08,121496.06221605105
2021-01-11,121710.15564432088
2021-01-12,121414.24523408042
2021-01-13,121771.63163095075
2021-01-14,121353.14527087104
2021-01-15,122683.31894039041
2021-01-18,123276.21596366476
2021-01-19,123681.61566095217
2021-01-20,123854.7028177317
2021-01-21,124094.19813748212
2021-01-22,125547.58454982324
2021-01-25,126761.49674482271
2021-01-26,127227.87582761233
2021-01-27,126524.68583820619
2021-01-28,125660.75969005455
2021-01-29,128899.69625289112
2021-02-01,129050.35517960932
2021-02-02,127526.22489904026
2021-02-03,126790.61984962878
2021-02-04,127166.71858147717
2021-02-05,127558.87435866115
2021-02-08,126402.47581672495
2021-02-09,131390.77607065218
2021-02-10,130645.27161649124
2021-02-11,129561.29137981731
2021-02-12,130280.55792676938
2021-02-15,132000.67376290724
2021-02-16,133004.4472211182
2021-02-17,135100.8020112777
2021-02-18,134153.05367053382
2021-02-19,132956.46159749271
2021-02-22,134026.73701305393
2021-02-23,135675.98507284827
2021-02-24,134514.7832125546
2021-02-25,134394.72121108422
2021-02-26,133157.78096672794
2021-03-01,135182.45533467818
2021-03-02,140590.36803697748
2021-03-03,140055.577582173
2021-03-04,139871.52325324988
2021-03-05,139691.40936495588
2021-03-08,140516.88054457487
2021-03-09,141844.50930491363
2021-03-10,141162.32114991697
2021-03-11,141754.7965485626
2021-03-12,138636.9754502477
2021-03-15,139457.67743223568
2021-03-16,141083.72196695983
2021-03-17,140373.5477093872
2021-03-18,140422.5326657774
2021-03-19,141022.34363311753
2021-03-22,139533.0418677424
2021-03-23,140160.89237587995
2021-03-24,140764.25635536644
2021-03-25,141929.53995173573
2021-03-26,143254.78258431758
2021-03-29,142013.81603144173
2021-03-30,141626.55660942494
2021-03-31,141128.3206824177
2021-04-01,144626.1502364914
2021-04-02,145288.76566453045
2021-04-05,147397.76607481093
2021-04-06,151172.56367474806
2021-04-07,156376.45863801497
2021-04-08,157692.82520639754
2021-04-09,156904.7954748305
2021-04-12,157441.67208906414
2021-04-13,157084.60772724208
2021-04-14,158359.8445284586
2021-04-15,158397.74022097004
2021-04-16,158309.96736032792
2021-04-19,161034.03464733728
2021-04-20,163838.98262997394
2021-04-21,163333.54358067835
2021-04-22,164659.61314899864
2021-04-23,166716.60997157067
2021-04-26,165718.80605503457
2021-04-27,165313.8120825141
2021-04-28,166230.29237800598
2021-04-29,168430.93687263527
2021-04-30,172108.20065324876
2021-05-03,170280.04911743256
2021-05-04,171092.080720664
2021-05-05,172428.6873075679
2021-05-06,171461.4876446112
2021-05-07,168989.90547729787
2021-05-10,168800.45052846425
2021-05-11,162550.45770121732
2021-05-12,162615.73482014512
2021-05-13,165790.67299436746
2021-05-14,170765.15186894106
2021-05-17,173389.1039931209
2021-05-18,171578.70789998956
2021-05-19,170792.67907403634
2021-05-20,169044.51274462361
2021-05-21,165310.33759981295
2021-05-24,166968.49508073338
2021-05-25,166541.97533805406
2021-05-26,167250.29981220292
2021-05-27,167496.17367921898
2021-05-28,167053.4850896823
2021-05-31,167592.2136068049
2021-06-01,172536.5696037548
2021-06-02,171942.4190541141
2021-06-03,168583.87329051486
2021-06-04,169483.18261239293
2021-06-07,171272.53780718005
2021-06-08,169710.26229466626
2021-06-09,170301.49177965368
2021-06-10,170972.37232284262
2021-06-11,171400.21398545257
2021-06-14,176499.63970164902
2021-06-15,173047.37441054184
2021-06-16,172149.7982856642
2021-06-17,170056.59622459853
2021-06-18,169063.3991933823
2021-06-21,168703.77082208256
2021-06-22,170041.9746585134
2021-06-23,173658.20523829872
2021-06-24,174150.1434829582
2021-06-25,174460.9836967313
2021-06-28,172734.454666188
2021-06-29,174106.00072963478
2021-06-30,176073.5657776436
2021-07-01,178695.56233078416
2021-07-02,177262.7634679485
2021-07-05,182575.99651367773
2021-07-06,184123.13525818294
2021-07-07,182446.0209371825
2021-07-08,181776.003007895
2021-07-09,177404.57422913046
2021-07-12,175891.06102674422
2021-07-13,176308.24283391784
2021-07-14,175979.23005466902
2021-07-15,171142.3351165337
2021-07-16,174944.7960160766
2021-07-19,174857.4488208532
2021-07-20,175238.1364874287
2021-07-21,175400.49257958864
2021-07-22,178318.99450342392
2021-07-23,181296.58706512733
2021-07-26,178765.57803980954
2021-07-27,178422.03105397514
2021-07-28,178836.26741833423
2021-07-29,178524.79148970652
2021-07-30,184158.61260679836
2021-08-02,189435.86042935448
2021-08-03,193466.83712588737
2021-08-04,194740.33220423726
2021-08-05,201248.99406933595
2021-08-06,198619.53162011792
2021-08-09,196520.9863491114
2021-08-10,196181.74255706323
2021-08-11,198813.1258213638
2021-08-12,201308.46311855342
2021-08-13,199532.50574299815
2021-08-16,200917.3641347019
2021-08-17,201146.26656743116
2021-08-18,198944.11463880484
2021-08-19,198173.56918736245
2021-08-20,202052.54883704695
2021-08-23,201106.90213036822
2021-08-24,200502.08621880304
2021-08-25,202840.56117172344
2021-08-26,201335.92815918196
2021-08-27,201846.2178205693
2021-08-30,201329.40638810082
2021-08-31,198524.4143818148
2021-09-01,197937.6683409243
2021-09-02,196153.7568021343
2021-09-03,196478.1365915527
2021-09-06,197253.72239441413
2021-09-07,198821.64039406835
2021-09-08,199098.44136244294
2021-09-09,200255.41512923426
2021-09-10,198714.5192459924
2021-09-13,197070.09804575605
2021-09-14,195598.42938335365
2021-09-15,197889.18276001827
2021-09-16,195447.32197296765
2021-09-17,197279.12473410508
2021-09-20,198916.99348070478
2021-09-21,200904.41022001792
2021-09-22,201412.0248146389
2021-09-23,200778.6029408381
2021-09-24,202637.75910012648
2021-09-27,204755.76576778357
2021-09-28,207587.15432466092
2021-09-29,208772.44412214067
2021-09-30,209004.82888039234
2021-10-01,209210.06043714413
2021-10-04,209132.71904610394
2021-10-05,210097.54667197092
2021-10-06,215011.26195938056
2021-10-07,217207.20306413126
2021-10-08,216507.04387025838
2021-10-11,218609.5451439129
2021-10-12,221062.74694291805
2021-10-13,218947.27299859925
2021-10-14,220123.7667270616
2021-10-15,222512.3496882443
2021-10-18,225020.99825921995
2021-10-19,227798.3818311999
2021-10-20,232013.8912721056
2021-10-21,229695.97279135697
2021-10-22,229184.32753960087
2021-10-25,227088.1649902739
2021-10-26,226990.69200506972
2021-10-27,228989.95190222733
2021-10-28,230305.3122378889
2021-10-29,231600.3880858208
2021-11-01,231018.89384312715
2021-11-02,232938.58525047195
2021-11-03,234546.32546033274
2021-11-04,235860.28394656276
2021-11-05,237760.36110690967
2021-11-08,239921.88494853172
2021-11-09,242791.1437847743
2021-11-10,242679.2274674602
2021-11-11,242318.04746453336
2021-11-12,243305.94395383817
2021-11-15,242783.7958716413
2021-11-16,240533.9334229116
2021-11-17,241119.445547541
2021-11-18,239550.67571959118
2021-11-19,237170.10445433258
2021-11-22,234657.51258183553
2021-11-23,233915.9634432966
2021-11-24,235397.02235760455
2021-11-25,232931.6264425608
2021-11-26,231610.35616097302
2021-11-29,233198.51473256256
2021-11-30,230985.12304928785
2021-12-01,229476.9614519287
2021-12-02,230350.95306348396
2021-12-03,228557.54045890877
2021-12-06,226815.5215149646
2021-12-07,227703.20106298523
2021-12-08,225477.4861414462
2021-12-09,224360.98148292088
2021-12-10,222977.62470089574
2021-12-13,221333.37442343382
2021-12-14,220201.64625724114
2021-12-15,224322.41233279213
2021-12-16,222724.53825725615
2021-12-17,222497.917858271
2021-12-20,218717.9643368707
2021-12-21,216536.8047369926
2021-12-22,218705.6412601649
2021-12-23,221527.91322097473
2021-12-24,220361.9068950169
2021-12-27,218995.26792267113
2021-12-28,212090.15483140186
2021-12-29,213174.983118095
2021-12-30,214106.97678423484
2021-12-31,215367.25249223676
2022-01-03,213263.65750503293
2022-01-04,214369.13505037606
2022-01-05,213845.85554015194
2022-01-06,214219.3872589652
2022-01-07,213866.24206323654
2022-01-10,220231.19990734538
2022-01-11,220914.32372988126
2022-01-12,222859.94122086925
2022-01-13,227884.01873175576
2022-01-14,228666.95658540292
2022-01-17,228888.73887153406
2022-01-18,227203.08091929002
2022-01-19,228293.172589946
2022-01-20,229278.7134690652
2022-01-21,236583.2133627984
2022-01-24,238117.83683178795
2022-01-25,235535.12548089382
2022-01-26,237191.99129078205
2022-01-27,243501.912308446
2022-01-28,241273.37878353833
2022-01-31,240963.5160838818
2022-02-01,242964.71561986214
2022-02-02,243611.62329293165
2022-02-03,241081.70496992272
2022-02-04,243899.30479565475
2022-02-07,241259.0897758144
2022-02-08,241950.49445994562
2022-02-09,248919.39549015948
2022-02-10,250079.79749740797
2022-02-11,249153.40135874625
2022-02-14,244826.11582090615
2022-02-15,242834.54892709613
2022-02-16,243094.454907287
2022-02-17,244818.89777936973
2022-02-18,244242.96268628657
2022-02-21,245056.90676226743
2022-02-22,241013.5935661508
2022-02-23,244909.11479566604
2022-02-24,243723.03589604015
2022-02-25,238385.458250763
2022-02-28,240481.9730816385
2022-03-01,239711.58867121162
2022-03-02,240083.01706190922
2022-03-03,241541.725325387
2022-03-04,238251.94788952256
2022-03-07,231979.82438114923
2022-03-08,228755.45116767177
2022-03-09,229742.9463543288
2022-03-10,229531.5137304871
2022-03-11,230704.8219404722
2022-03-14,231695.46158386813
2022-03-15,231977.8493600861
2022-03-16,229596.63699965383
2022-03-17,229946.6769927339
2022-03-18,234007.52612947163
2022-03-21,224898.87108835726
2022-03-22,223774.25671817263
2022-03-23,224958.413917732
2022-03-24,222181.23766312306
2022-03-25,223871.92812747267
2022-03-28,222826.4061924815
2022-03-29,224118.31649594233
2022-03-30,224674.35074448714
2022-03-31,224510.98480916588
2022-04-01,225255.9007264859
2022-04-04,222924.88573093698
2022-04-05,226477.61190159366
2022-04-06,226553.00549102796
2022-04-07,227737.602488634
2022-04-08,230682.18600508233
2022-04-11,231353.4449053515
2022-04-12,231970.69711386308
2022-04-13,234112.39714809065
2022-04-14,233235.77122302464
2022-04-15,233306.92163844433
2022-04-18,232228.62631014417
2022-04-19,232867.1745767755
2022-04-20,231565.28842942364
2022-04-21,230132.13619004865
2022-04-22,233573.7206945312
2022-04-25,233782.9015912201
2022-04-26,233364.36336344795
2022-04-27,233319.09528791622
2022-04-28,230725.54727093255
2022-04-29,228998.66971202966
2022-05-02,216518.24028829686
2022-05-03,218276.57947217056
2022-05-04,211786.4760454707
2022-05-05,210009.66650109217
2022-05-06,210812.78609537857
2022-05-09,211223.01292956324
2022-05-10,212448.08091430567
2022-05-11,215853.82896184284
2022-05-12,214894.38970202094
2022-05-13,213624.98428981515
2022-05-16,209077.64612301273
2022-05-17,208274.40634162477
2022-05-18,209098.43855959433
2022-05-19,208226.46441182858
2022-05-20,208071.54849703738
2022-05-23,206444.34108046058
2022-05-24,206302.28429209848
2022-05-25,206373.70067895137
2022-05-26,207032.09053568073
2022-05-27,207110.43690166707
2022-05-30,206925.92246221154
2022-05-31,207075.88497088794
2022-06-01,208175.88223716686
2022-06-02,208896.47488784636
2022-06-03,208267.58388885343
2022-06-06,208731.56082821125
2022-06-07,206860.8185944759
2022-06-08,206863.79726331515
2022-06-09,206924.20885207658
2022-06-10,208369.91497283828
2022-06-13,207251.46696886173
2022-06-14,205551.5333559508
2022-06-15,209379.9682305899
2022-06-16,208152.2430236235
2022-06-17,206628.72906864856
2022-06-20,207512.71612076642
2022-06-21,199216.65369061742
2022-06-22,208324.38547296502
2022-06-23,211484.08960366138
2022-06-24,212043.20636695196
2022-06-27,210203.64207818444
2022-06-28,213709.48230424308
2022-06-29,213622.8341063828
2022-06-30,212792.97935937546
2022-07-01,214804.13329965802
2022-07-04,216312.3481497537
2022-07-05,213450.56368670482
2022-07-06,210660.1669577707
2022-07-07,208595.57605590217
2022-07-08,212418.396627002
2022-07-11,214250.01015815086
2022-07-12,211973.780230358
2022-07-13,210101.11364891045
2022-07-14,209555.62306978623
2022-07-15,209393.02592317696
2022-07-18,206687.04933809693
2022-07-19,205978.2863501495
2022-07-20,207322.0665868849
2022-07-21,209879.48288537833
2022-07-22,209098.67068438896
2022-07-25,212074.06426668674
2022-07-26,213000.74201615294
2022-07-27,213838.45254051944
2022-07-28,217692.86641708252
2022-07-29,219075.3598438993
2022-08-01,216631.94342178563
2022-08-02,212922.57239526973
2022-08-03,215399.48689891104
2022-08-04,215445.72032002866
2022-08-05,218159.5292135055
2022-08-08,216744.79363471293
2022-08-09,217245.93611822257
2022-08-10,216742.0250413786
2022-08-11,217510.32147308346
2022-08-12,217030.83775869638
2022-08-15,216141.02558359702
2022-08-16,221569.1033115251
2022-08-17,223440.14134429186
2022-08-18,221247.2880987335
2022-08-19,218910.40473298475
2022-08-22,218560.73456385854
2022-08-23,213478.57171311975
2022-08-24,216531.93713560904
2022-08-25,214373.97946447297
2022-08-26,216651.53894638282
2022-08-29,214342.2552283961
2022-08-30,214761.75274618666
2022-08-31,213202.74814041622
2022-09-01,215508.35968160012
2022-09-02,214455.14242196962
2022-09-05,214641.2982544745
2022-09-06,215734.2491054104
2022-09-07,218845.68867675585
2022-09-08,222737.7066221607
2022-09-09,219442.44844903532
2022-09-12,222746.4350254008
2022-09-13,224050.57963080597
2022-09-14,225429.07719038756
2022-09-15,219562.16155926653
2022-09-16,221931.90653926192
2022-09-19,224241.71644633746
2022-09-20,225894.30218575947
2022-09-21,226648.44760189173
2022-09-22,222912.14224928574
2022-09-23,222819.97001974742
2022-09-26,233200.23795937552
2022-09-27,235928.13018290992
2022-09-28,234881.80872028938
2022-09-29,236080.92486829558
2022-09-30,234365.82235858013
2022-10-03,232923.99150739436
2022-10-04,232367.21971063764
2022-10-05,229164.8391029818
2022-10-06,227720.42107750897
2022-10-07,231024.84102827735
2022-10-10,232428.5268656909
2022-10-11,234619.19882501586
2022-10-12,238606.6894179486
2022-10-13,239969.1677701644
2022-10-14,242042.14891567873
2022-10-17,243491.51018443634
2022-10-18,242898.22745095496
2022-10-19,238243.9406771804
2022-10-20,235756.7249457952
2022-10-21,234018.5831300564
2022-10-24,235549.5545433854
2022-10-25,235362.32902166955
2022-10-26,237114.49067471398
2022-10-27,237236.25501266334
2022-10-28,235693.75505149295
2022-10-31,230712.63481890946
2022-11-01,228447.28944783963
2022-11-02,236670.31300841353
2022-11-03,241138.37667948008
2022-11-04,240796.85773042616
2022-11-07,242538.15714875192
2022-11-08,245020.00797711618
2022-11-09,240281.50766728792
2022-11-10,237248.57833698727
2022-11-11,236274.96822902595
2022-11-14,235055.2107999511
2022-11-15,234831.80243250236
2022-11-16,236303.52572080225
2022-11-17,235865.36644389352
2022-11-18,238305.66421178923
2022-11-21,242487.1835214035
2022-11-22,241251.08786232542
2022-11-23,240202.23352255815
2022-11-24,241746.66026315602
2022-11-25,240406.84566850276
2022-11-28,239773.94026217575
2022-11-29,240504.36769749393
2022-11-30,242189.47316807276
2022-12-01,243084.43413610896
2022-12-02,241733.87320107126
2022-12-05,240916.0017706725
2022-12-06,239384.8540018729
2022-12-07,241454.96394432473
2022-12-08,238775.323221658
2022-12-09,238794.9602015112
2022-12-12,238793.31522367924
2022-12-13,240174.22316764042
2022-12-14,240333.04127035534
2022-12-15,246591.72001263307
2022-12-16,244308.92860580803
2022-12-19,243673.7776813902
2022-12-20,243637.91602235704
2022-12-21,239518.49987347415
2022-12-22,241055.8204898574
2022-12-23,240698.4107355302
2022-12-26,243605.6878678208
2022-12-27,250430.32767874762
2022-12-28,250906.53796324212
2022-12-29,250112.65609745836
2022-12-30,252486.59265985803
2023-01-02,252282.57124304352
2023-01-03,253791.62713767652
2023-01-04,252065.75122339156
2023-01-05,255007.71014959153
2023-01-06,258378.97830987474
2023-01-09,261006.1588236258
2023-01-10,265135.8341986757
2023-01-11,254535.85594804044
2023-01-12,251406.74730847662
2023-01-13,251827.02338640115
2023-01-16,251842.98192093827
2023-01-17,252776.47864091638
2023-01-18,248692.68146813664
2023-01-19,249879.61023952346
2023-01-20,247285.44102341452
2023-01-23,247069.27321647885
2023-01-24,247513.70745293557
2023-01-25,249504.15735750739
2023-01-26,248416.54407474946
2023-01-27,247643.14227673042
2023-01-30,244992.3866351398
2023-01-31,242359.96209988237
2023-02-01,240492.42508437048
2023-02-02,250426.49371870485
2023-02-03,251867.2826785497
2023-02-06,248199.2529926715
2023-02-07,250448.63528776244
2023-02-08,253625.4133983436
2023-02-09,251178.41488601326
2023-02-10,248431.8314343747
2023-02-13,248979.77151983848
2023-02-14,253219.1157692026
2023-02-15,255780.62148771615
2023-02-16,253838.33982657347
2023-02-17,254650.9277618771
2023-02-20,251439.12760451372
2023-02-21,250992.5073047757
2023-02-22,251667.63938173951
2023-02-23,255448.3440645476
2023-02-24,257958.60190999892
2023-02-27,257169.37623894616
2023-02-28,258429.87779278753
2023-03-01,257123.4317702083
2023-03-02,253824.6088024422
2023-03-03,253773.75279509588
2023-03-06,255357.9247257614
2023-03-07,253494.650257707
2023-03-08,253062.47765287897
2023-03-09,256700.83704195856
2023-03-10,257247.64261198373
2023-03-13,256367.10642207877
2023-03-14,255876.904831486
2023-03-15,254677.6402879261
2023-03-16,252553.70552516566
2023-03-17,251219.8069661078
2023-03-20,252994.41364077674
2023-03-21,247437.79293388975
2023-03-22,246288.66901155649
2023-03-23,245114.56152674925
2023-03-24,247536.22800353728
2023-03-27,251410.92405497842
2023-03-28,252429.25341070505
2023-03-29,251368.34448852405
2023-03-30,260535.2170646222
2023-03-31,260412.46638793813
2023-04-03,264607.7704641166
2023-04-04,266101.07570050214
2023-04-05,262525.8805071589
2023-04-06,265979.239535653
2023-04-07,264790.92457064806
2023-04-10,260801.20289157325
2023-04-11,263083.91711867973
2023-04-12,264581.427356267
2023-04-13,258257.5939592918
2023-04-14,255825.1265989323
2023-04-17,251885.77332265236
2023-04-18,250749.6570806532
2023-04-19,249524.3971533843
2023-04-20,243858.56480231788
2023-04-21,243168.88234318973
2023-04-24,243822.01404370912
2023-04-25,246508.0248188853
2023-04-26,247419.051800575
2023-04-27,245860.59606552805
2023-04-28,244524.4093668376
2023-05-01,242882.60036048098
2023-05-02,247046.57368723818
2023-05-03,240161.80623063864
2023-05-04,239614.30316767807
2023-05-05,237464.11725929714
2023-05-08,237628.0993908714
2023-05-09,236893.6629353422
2023-05-10,239153.4112577623
2023-05-11,235730.33247670849
2023-05-12,235210.77701221994
2023-05-15,233324.84853937713
2023-05-16,232089.6724326289
2023-05-17,229313.045928738
2023-05-18,229138.64292764882
2023-05-19,228175.50895115035
2023-05-22,230232.75153744515
2023-05-23,230663.44910683876
2023-05-24,227508.5727811229
2023-05-25,227436.68438422593
2023-05-26,225116.4532620056
2023-05-29,225021.05562385867
2023-05-30,222796.98116492265
2023-05-31,217346.63054740016
2023-06-01,217135.5552848801
2023-06-02,221316.4900480542
2023-06-05,221164.27331823081
2023-06-06,221489.51207561605
2023-06-07,224232.8758957342
2023-06-08,223135.10069957608
2023-06-09,221314.81100941545
2023-06-12,220594.52954800974
2023-06-13,220225.11322263748
2023-06-14,220623.65883664886
2023-06-15,220691.24419908106
2023-06-16,221943.04138840496
2023-06-19,220222.21433963068
2023-06-20,221813.78774130152
2023-06-21,222830.6498417036
2023-06-22,227030.41464614845
2023-06-23,227287.4348967139
2023-06-26,225873.20653195019
2023-06-27,222815.46474413073
2023-06-28,221665.97535770616
2023-06-29,224628.11183481937
2023-06-30,227033.69454955266
2023-07-03,228672.53769076496
2023-07-04,229052.43608634552
2023-07-05,230897.4826547074
2023-07-06,229912.0763133648
2023-07-07,228413.81201623942
2023-07-10,230045.2873394549
2023-07-11,232310.94662913706
2023-07-12,235275.9361665627
2023-07-13,237974.77834840107
2023-07-14,238466.8937129495
2023-07-17,235627.23585728192
2023-07-18,235397.05633850646
2023-07-19,234144.55031029222
2023-07-20,234262.8647565407
2023-07-21,231924.03070596303
2023-07-24,231121.8077484448
2023-07-25,232452.8397666882
2023-07-26,221660.7621498671
2023-07-27,220772.99477087893
2023-07-28,222528.52151212207
2023-07-31,222927.10025626246
2023-08-01,220767.4213431391
2023-08-02,220732.6332509111
2023-08-03,214453.7827425854
2023-08-04,216402.0254297005
2023-08-07,218080.69724962267
2023-08-08,218455.23421479797
2023-08-09,222309.4627806888
2023-08-10,221890.69312413165
2023-08-11,225339.6073158689
2023-08-14,226511.2976927803
2023-08-15,230711.4728543529
2023-08-16,233510.96273021767
2023-08-17,238323.8518692619
2023-08-18,237017.41494967366
2023-08-21,234029.7187364497
2023-08-22,232144.767546629
2023-08-23,231052.33674355334
2023-08-24,230083.59884617743
2023-08-25,252487.9326183279
2023-08-28,253506.70583928045
2023-08-29,254236.69089897408
2023-08-30,255900.34544738763
2023-08-31,253893.1023909098
2023-09-01,254421.88988577135
2023-09-04,252353.5216031405
2023-09-05,253850.32523685775
2023-09-06,256959.41080144208
2023-09-07,256269.8254504861
2023-09-08,259844.60234727943
2023-09-11,258984.37649754586
2023-09-12,260430.33368710455
2023-09-13,263434.3171648553
2023-09-14,261525.33958716516
2023-09-15,263444.9806544107
2023-09-18,265458.0379107666
2023-09-19,267084.9546245309
2023-09-20,275266.3111056467
2023-09-21,270758.0626119178
2023-09-22,268026.0608473674
2023-09-25,265068.7218906615
2023-09-26,265321.269382916
2023-09-27,267068.40636843635
2023-09-28,270252.97900235705
2023-09-29,273752.6719688234
2023-10-02,273551.7907389257
2023-10-03,276931.6832844017
2023-10-04,273077.43216102594
2023-10-05,263747.1211249763
2023-10-06,262577.3966715663
2023-10-09,261452.3235537507
2023-10-10,258916.95578084298
2023-10-11,266446.3827705529
2023-10-12,263372.0629120009
2023-10-13,265830.7842776709
2023-10-16,263692.64324821846
2023-10-17,267822.1529362578
2023-10-18,265896.3790960473
2023-10-19,263765.43351578934
2023-10-20,265800.8495943168
2023-10-23,256744.0021815129
2023-10-24,256378.4318663304
2023-10-25,249758.34022504464
2023-10-26,245507.32503758126
2023-10-27,245336.35468357537
2023-10-30,243508.00864807575
